year,question_id_specific,question_id_general,question_id_final,canceled,full_question,full_answer,full_answer_references,type,difficulty,difficulty_percentage,associated_image,option_1,option_2,option_3,option_4,option_5,correct_answer,Zalantzakoa,Ez da guztiz egokia
2010,46,9340,118196,FALSE,"Una mujer de 53 años presenta una estenosis mitral moderada aislada, mantiene ritmo sinusal, presenta buena capacidad funcional y sigue revisiones periódicas. En la exploración física esperaría encontrar:",Al estar en ritmo sinusal los latidos serán rítmicos. Por lo demás el hallazgo fundamental es un soplo diastólico precedido de um chasquido de apertura (respuesta 1 correcta). Los pacientes con estenosis mitral no tienen porqué estar hipertensos y no presentan soplo sistólico a no ser que presenten valvulopatía asociada.,"1. Harrison ́s,17Th Edition, Pag 255",CARDIOLOGÍA,Fácil,"0,88",,"Soplo mesodiástólico en foco mitral, posible chasquido de apertura previo y tonos cardiacos rítmicos.",Soplo mesosistólico y diastólico en borde esternal izquierdo.,"Soplo protodiastólico en foco mitral, tonos cardiacos irregulares y soplo sistólico aórtico.",Soplo protodiastólico en foco mitral e hipertensión arterial sistólica.,Soplo telesistólico mitral irradiado a axila.,1,,
2010,49,9343,118199,FALSE,"Enfermo de 60 años con cardiopatía hipertensiva grave con engrosamiento de las paredes del ventrículo izquierdo y con función sistólica normal. Había acudido a una fiesta de despedida de soltero y comió, como los demás, embutidos y mariscos. Varias horas después comenzó con disnea y ortopnea. No refería dolor torácico. Su TA estaba en torno a 150/95 mmHg como había tenido otras veces. Se auscultaron crepitantes pulmonares bilaterales. ¿Cuál es el diagnóstico más probable?",El abandono del tratamiento o las transgresiones severas en el consumo de sodio son las causas más frecuentes de descompensación de insuficiencia cardiaca. Dado que nos refiere que no presenta disfunción ventricular sistólica son síntomas por disfunción diastólica (respuesta 2 correcta). ,"1. Harrison ́s, 17Th Edition, Pag 252",CARDIOLOGÍA,Fácil,"0,67",,Crisis hipertensiva.,Insuficiencia cardiaca diastólica.,Insuficiencia cardiaca por disfunción sistólica.,Derrame pericárdico.,Tromboembolismo pulmonar.,2,,
2010,50,9344,118200,FALSE,"Paciente de 75 años de edad, ex-fumador, con índice de masa corporal de 27 kg/m2. Antecedentes familiares de HTA y DM tipo 2. Acude a urgencias refiriendo tos seca nocturna que le interrumpe el sueño desde hace una semana asociada a disnea la pasada noche. En los dos últimos meses ha experimentado disnea al subir escaleras y edemas en ambos tobillos antes de acostarse. A la exploración física presenta TA 158/99 mmHg, FC 98 Ipm, saturación capilar de oxigeno 97%, FR 16 rpm. Soplo sistólico aórtico con refuerzo del segundo ruido. Hipofonesis generalizada con aisladas sibilancias en ambos campos pulmonares. Abdomen sin hallazgos. Rx de tórax sin alteraciones. En el ECG se observan ondas R elevadas en V5 y V6 con complejo ST-T negativo. Señale entre las siguientes hipótesis diagnósticas la más probable:",Se trata de un paciente obeso y severamente hipertenso (2o ruido fuerte) que presenta disnea progresiva con un ECG en el que hay datos de hipertrofia ventricular izquierda (sin cardiomegalia en la Rx tórax). Lo primero que hay que pensar en este tipo de pacientes es que esté desarrollando una insuficiencia cardiaca izquierda de tipo diastólico por alteración de la relajación (respuesta 5 correcta).,"2. Harrison ́s, 17Th Edition, Pag 252",CARDIOLOGÍA,Fácil,"0,73",,Enfermedad pulmonar obstructiva crónica agudizada.,Cardiopatía isquémica estable.,Bronquitis aguda.,Embolia pulmonar.,Miocardiopatía hipertensiva.,5,,
2010,51,9345,118201,FALSE,"Una paciente de 38 años sin antecedentes de cardiopatía ni problemas broncopulmonares conocidos acude al servicio de Urgencias por presentar palpitaciones rápidas y regulares de comienzo brusco. La TA es de 110/80 mmHg, el pulso es regular a 195 Ipm y la saturación arterial de 02, respirando aire ambiente, es de 96%. El ECG muestra una taquicardia regular de QRS estrecho a 195 Ipm en la que no es discernible la onda P. ¿Cual sería el tratamiento de primera elección?:","Se trata de una crisis de taquicardia paroxística supraventricular (Inicio Brusco, ritmica QRS estrecho). Probablemente de tipo intranodal ya que a la vez se activa ventrículo y aurícula por lo que no es posible ver la onda P. p Reentrada intranodal El 1o abordaje es el masaje del seno carotídeo, para que la estimulación vagal afecte a las propiedades de conducción del nodo AV y se interrumpa el circuito. Si no es eficaz se utilizará adenosina (precaución con pacientes con broncoespasmo porque podría provocarlo) (respuesta 2 correcta). Esta medicación es 100% eficaz pero no evitaría que instantes después pudiera reiniciarse otra vez al ser su efecto muy fugaz. Cuando se precisa un efecto más prolongado o hay contraindicación a adenosina preferimos utilizar verapamil. ","1. Harrison ́s, 17Th Edition, Pag 250",CARDIOLOGÍA,Normal,"0,44",,Digoxina 1 mg iv en bolo.,Adenosina 6 mg iv en bolo.,Amiodarona 5 mg/kg iv en 30 minutos.,Flecainida 2 mg/kg iv en 20 minutos.,Cardioversión eléctrica con choque DC sincronizado de 200 Julios.,2,,
2010,52,9346,118202,FALSE,Acude a nuestra consulta una mujer de 35 años de edad con antecedentes de hipertensión arterial esencial desde hace 4 años. La paciente ha estado bien controlada con Enalapril 20 mg cada 12 horas. Desde hace dos meses está embarazada y es remitida por su médico de atención primaria para seguimiento. Tras el estudio pertinente decidimos hacer una serie de medidas ¿cuál es la correcta?:,Tanto los IECAS como ARA II están contraindicados en el embarazo por producir insuficiencia renal en el feto. Tanto diuréticos como betabloqueantes están relativamente contraindicados en el embarazo y se prefieren fármacos de los que este más contrastada su inocuidad en el embarazo como la alfametil dopa (respuesta 5 correcta).,"1. Harrison ́s, 17Th Edition, Pag 268",CARDIOLOGÍA,Fácil,"0,91",,Mantener el mismo tratamiento ya que está bien controlada.,Reducir la dosis del comprimido ya que posiblemente necesite menos dosis.,Cambiar a un Antagonista de los Receptores de la Angiotensina II porque producen menos tos y edemas en miembros inferiores.,Retirar la medicación hipotensora ya que la tensión está bien controlada.,Cambiar a alfametildopa.,5,,
2010,54,9348,118204,FALSE,"¿Cuál es el diagnóstico de un paciente portador de una bioprótesis en posición mitral que presenta un infarto agudo de miocardio y dos días después y de forma bresca desarrolla hipotensión, soplo pansistólico y edema agudo de pulmón?:","Tanto la insuficiencia mitral como la comunicación interventricular son causa de soplo mitral. En esta pregunta, la clave es que presenta una prótesis mitral que no se va a romper por un infarto por lo que la única alternativa razonable es la comunicación interventricular (respuesta 5 correcta). El taponamiento por rotura debuta como una hipotensión brusca pero sin edema agudo de pulmón, ya que se colapsa el ventrículo derecho y produce en su grado extremo la disociación electromecánica.","1. Harrison ́s, 17Th Edition, Pag 267",CARDIOLOGÍA,Difícil,"0,31",,Insuficiencia mitral postinfarto.,Taponamiento cardiaco.,Aneurisma ventricular.,Miocardiopatía postinfarto.,Comunicación interventricular postinfarto.,5,,
2010,55,9349,118205,FALSE,"Paciente de 59 años con antecedentes de hipertensión arterial de unos 10 años de evolución y tabaquismo. Su padre falleció súbitamente a los 62 años. Acude al Servicio de Urgencias refiriendo dolor torácico muy intenso de inicio brusco unas 4 horas antes que se ha desplazado a la región interescapular. En la exploración presenta palidez, sudoración profusa, TA 190/104 mmHg, FC 108 Ipm y pulsos radiales muy diminuidos; se ausculta soplo diastólico en borde esternal izquierdo. El ECG revela taquicardia sinusal con aumento del voltaje del QRS en varias derivaciones y descenso del ST y T negativa asimétrica en I aVL y de V4 a V6. ¿Cuál es el diagnóstico más probable?:","En un varón de edad media hipertenso, ante una clínica de dolor agudo intenso desgarrante que se desplaza y que se acompaña de afectación neurológica o de alteraciones en pulsos periféricos siempre debemos de sospechar en primer lugar que el paciente esté sufriendo una disección aguda de la aorta (respuesta 4 correcta). Una pericarditis aguda y un síndrome coronario agudo se acompañan de una elevación del ST (respuestas 1 y 2 incorrectas). El tromboembolismo pulmonar y el vasoespasmo coronario no se acompañan de clínica compatible con el cuadro clínico que nos presentan (respuestas 3 y 5 incorrectas).","1. FARRERAS, 16a edic., Pág. 680 2. HARRISON, 17a edic., tema 242",VASCULAR,Fácil,"0,83",,Síndrome coronario agudo,Miopericarditís aguda,Tromboembolismo pulmonar,Disección aórtica aguda,Vasoespasmo coronario,4,,
2010,60,9354,118210,FALSE,"Una mujer de 58 años ingresa en la Unidad de Corta Estancia Médica por un cuadro clínico que comenzó con un episodio de síncope y a continuación presentó sensación de mareo y disnea. En la exploración física se encuentra sudorosa, afebril a 126 lpm y a 30 rpm, con una presión arterial de 88/46 mmHg y una saturación de oxígeno del 85% mientras respira aire ambiente. La auscultación cardíaca muestra taquicardia sin soplos ni galope y la auscultación pulmonar es normal. Los análisis de sangre rutinarios y la Rx de tórax no muestran alteraciones. ¿Cuál de las siguientes pruebas diagnósticas considera que es más recomendable en este caso?:","Ante un paciente con disnea, taquicardia, taquipnea, hipotensión, desaturación, síncope y con auscultación y Rx de tórax normales, existe una alta sospecha clínica de tromboembolismo pulmonar (TEP), probablemente masivo. Según el protocolo actual, ante una alta sospecha clínica de TEP no se debe solicitar la determinación de D-dímeros (respuesta 2 incorrecta), sino que se debe recurrir directamente a las pruebas de imagen. Al no tener insuficiencia renal ni alergia al contraste, la prueba diagnóstica de elección será el angio-TAC torácico (respuesta 5 correcta), que tiene más rentabilidad diagnóstica (más sensibilidad y especificidad) que la gammagrafía de ventilación / perfusión (opción 3 incorrecta), la cual queda relegada para los casos con contraindicación de angio-TAC. El TAC craneal no aporta ningún dato de interés ya que la patología del paciente está confinada en el tórax (respuesta 4 incorrecta). La colocación de una sonda nasogástrica y determinación del hematocrito no tienen rentabilidad diagnóstica ni terapéutica ante un tromboembolismo pulmonar (respuesta 1 incorrecta). Angio-TC pulmonar: trombo (flecha) en la arteria interlobar de la pulmonar izda. Ao: aorta ascendente; TP: tronco pulmonar; PI: art. pulmonar izda.","1. HARRISON, 17a ed., Pág. 1652 - 1654.",NEUMOLOGÍA,Normal,"0,47",,Colocación de sonda nasogástrica y determinación de hematocrito.,"Electrocardiograma y determinación de Dímeros- D, troponina y BNP.",Gammagrafía de ventilación/perfusión.,TAC craneal.,Angio-TC torácico.,5,,
2010,77,9371,118227,FALSE,Chico de 15 años que presenta dolor intenso en pierna derecha mientras descendía por una escalera. Se realiza una radiografía que muestra una fractura en peroné derecho. En la historia clínica realizada destaca la presencia de fracturas previas en ausencia de traumatismo intenso. La exploración física es normal. El estudio de metabolismo fosfocálcico realizado no muestra alteraciones. La densitometría presenta los siguientes datos T-score en columna lumbar -1.2 y T-score en cadera total -0.8. El diagnóstico más probable es:,"Las personas con osteogénesis imperfecta (OI) tienen huesos débiles, lo cual las hace susceptibles a sufrir fracturas. La fragilidad ósea puede ser tan intensa que limite la actividad diaria. Las fracturas se producen por traumatismos mínimos (respuesta 4 correcta). Los pacientes con síndrome de Marfan presentan aracnodactilia y dolicostenomelia, cifoescoliosis y laxitud articular (respuesta 2 incorrecta). El síndrome de Ehlers-Danlos incluye varios trastornos hereditarios del tejido conectivo que asocian laxitud articular y alteraciones cutáneas (piel con delgadez extrema o apariencia de gamuza mojada) (respuesta 5 incorrecta). Las manifestaciones clásicas de la osteomalacia incluyen dolor óseo difuso en pelvis, raquis y parrilla costal, además de dolor muscular y debilidad (respuesta 3 incorrecta). En la osteoporosis idiopática del varón aparecen múltiples fracturas, de las cuales las más frecuentes son las vertebrales (respuesta 1 incorrecta).","1. Farreras , 15a edic., Pág 1075",ENDOCRINOLOGÍA,Fácil,"0,69",,Osteoporosis idiopática del varón.,Síndrome de Marfan.,Osteomalacia.,Osteogénesis imperfecta.,Síndrome de Ehlers-Danlos.,4,,
2010,78,9372,118228,FALSE,"Ante un paciente con una cirugía abdominal urgente usted tiene su informe (de quirófano en el cual nos señalan que se ha realizado una resección de todo el duodeno y del tercio proximal del yeyuno manteniendo íntegros el estómago y todo el íleon así como los dos tercios distales del yeyuno. En el seguimiento nutrícional del paciente, ¿qué vitamina o mineral presentará con menos probabilidad una disminución de su absorción y por tanto no produciría manifestaciones clínicas secundarias a su déficit?:","Después de la gastrectomía parcial se puede observar descenso de los valores séricos de vitamina B12. La malabsorción de vitamina D y calcio es frecuente después de gastrectomía parcial y gastroyeyunostomía. La anemia ferropénica puede ser una consecuencia del trastorno de la absorción del hierro en los pacientes con gastroyeyunostomía de Billroth II (respuesta 3 incorrecta). Calcio, hierro, magnesio y ácido fólico se absorben exclusivamente por procesos de trasporte activo en el intestino delgado proximal, especialmente en el duodeno (respuestas 2, 4 y 5 incorrectas); por el contrario, los mecanismos de trasporte activo para la absorción de cobalamina y ácidos biliares están presentes sólo en el ileon (respuesta 1 correcta).","1. HARRISON, 17a edic., Pág 1877",ENDOCRINOLOGÍA,Fácil,"0,92",,Vitamina B12.,Calcio.,Hierro.,Magnesio.,Acido fólico.,1,,
2010,79,9373,118229,FALSE,"Un paciente de 65 años, que como únicos antecedentes médicos padece hipertensión arterial y es exfumador desde hace 10 años, acude a revisión. Se encuentra asintomático y su exploración es normal, índice de masa corporal 28 Kg/m2 y presenta con medicación hipotensora TA 130/80 mmHg. Sus valores analíticos básales son: glucemia 120 mg/dl, HbAlc 7.4%, LDLc 135mg/dl, HDLc 40 mg/dl. Considera respecto al tratamiento de los niveles de lípidos que:","El paciente según ATP III tiene los siguientes factores de riesgo: 1. Hipertenso (aunque controlado con medicación) 2. Edad mayor de 45 años Tiene dos factores de riesgo (respuesta 1 y 2 incorrectas) pero ausencia de cardiopatía coronaria, con lo cual, el tratamiento farmacológico estaría indicado con LDLc≥160 (respuestas 4 y 5 incorrectas). Para el diagnóstico de DM; sería necesario, en este caso, donde la glucemia está por encima de 110 y es menor de 126, realizar la prueba de sobrecarga oral de glucosa para confirmar DM, falso positivo o intolerante a HC. Por lo tanto de inicio no es diabético y el valor de LDLc (135mg/dl) permite realizar medidas higiénico-dietéticas (respuesta 3 correcta). Hb glicosilada ≥ 6.5 (nuevo criterio de DM para ADA 2010). DM es enfermedad cardiovascular, que junto con los factores de riesgo del paciente, necesitaría tratamiento hipolipemiante (LDLc 135 mg/dl). Directrices de tratamiento del colesterol LDL (National Cholesterol Education Program ATPII) Niveles de LDL para iniciar tratamiento (mg/dL) Dieta Fármacos Objetivo Ausencia de CPC y < de 2 factores de riesgo ≥ 160 ≥ 190 < 160 Ausencia de CPC pero 2 o más factores de riesgo ≥ 130 ≥ 160 < 130 Presencia de CPC Diabetes > 100 ≥ 130 < 100 CPC= cardiopatía coronaria Factores de riesgo positivos: Historia familiar de CPC precoz (< 55 años en un progenitor o hermano varón y < 65 años en las parientes mujeres). Hipertensión (incluso controlada con medicación). Consumo > de 10 cigarrillos/día. Diabetes mellitus (actualmente se considera que los enfermos con diabetes se encuentran en la misma categoría de riesgo que aquellos que tienen presencia de enfermedad aterosclerótica). Niveles bajos de HDL (< 35 mg/dL). Edad (> 45 años en varones, > 55 años en mujeres o mujeres menores con menopausia precoz sin tratamiento estrogénico de sustitución). Factor de riesgo negativo = colesterol HDL > 60 mg/dL.","1. DIABETES CARE, VOLUME 32, NUMBER 7, JULY 2009 2. Farreras 15a edic., Pág 1932 3. Harrison 17a edic., Pág 2427",ENDOCRINOLOGÍA,Normal,"0,59",,Por tener menos de dos factores de riesgo no precisa tratamiento hipolipemiante.,"Por ser prevención primaria y tener menos de dos factores de riesgo, no requiere tratamiento farmacológico hasta que alcance valores de LDLc > 190 mg/dl.",Debería estudiarse si cumple criterios de diabetes mellitus tipo 2. Mientras tanto sólo precisa modificación de los cambios de vida y no tratamiento hipolipemiante.,"Por padecer una diabetes mellitus tipo 2 y tener tres factores de riesgo, precisa tratamiento hipolipemiante.","Por tener tres factores de riesgo, aunque pueda padecer o no diabetes mellitus tipo 2 precisa tratamiento hipolipemiante.",3,,
2010,81,9375,118231,FALSE,"Un paciente de 74 años de edad es diagnosticado de leucemia linfática crónica B estadio HB de RAI-BINNET. Tras recibir 6 ciclos de fluradabina, presenta astenia importante y palidez de la piel y mucosas. En la analítica destaca: leucocitos 5600/uL con fórmula normal, hemoglobina 3 gr/dl y plaquetas 250000/uL. Reticulocitos 0%. Niveles normales de LDH y test de Coombs directo negativo. El diagnóstico más probable es:","La paciente presenta una anemia aislada post- tratamiento antitumoral, sin datos de hemólisis (LDH normal, niveles de reticulocitos no elevados,) ni fenómenos inmunes asociados (test de coombs negativo) (respuesta 2 incorrecta). Con un número de leucocitos normales, así como su fórmula, difícilmente podemos pensar ni en una progresión a una leucemia prolinfocítica ni a un linfoma – síndrome de Richter- (respuesta 1 y 3 incorrectas). Por todo ello debemos de pensar en una aplasia pura de células rojas secundaria al uso de fludarabina (respuesta 4 correcta).","1. FARRERAS, 16a edic., Pág. 1693 2. HARRISON, 17a edic., Pág 668",HEMATOLOGÍA,Fácil,"0,67",,Progresión de la enfermedad a leucemia prolinfocítica B.,Anemia hemolítica autoinmune.,Síndrome de Richter.,Aplasia pura de células rojas.,Síndrome de lisis tumoral.,4,,
2010,84,9378,118234,FALSE,"Paciente con los siguientes parámetros en sangre periférica: Hb 10 5 gr/dl, leucocitos 11.000/ul con 40% segmentados, 10% cayados, 5% metamielocitos, 4% mielocitos, 1% eosinófilos y 1% basófilos. Normoblastos 5%. Plaquetas 300.000/ul. Morfología de serie roja en sangre: aniso-poiquilocitosis y dacriocitos. En la exploración se palpa esplenomegalia de 12 cm bajo reborde costal. ¿Qué diagnóstico, entre los siguientes, le sugieren estos datos?:","La analítica de este paciente muestra una moderada leucocitosis asociada a anemia y número de plaquetas normales. En sangre periférica aparece mielemia, o granulocitos en diferente grado de maduración (promielocitos, mielocitos, metamielocitos...). La aparición de normoblastos (células inmaduras) y células extrañas en sangre periférica (dacriocitos) asociada a la mielemia nos orientan a la denominada morfología leucoeritroblástica, que suele aparecer en fibrosis medular importante, secundaria a ocupación medular. Todo ello concuerda con una mieloptisis, como ocurre en la Mielofibrosis Primaria (respuesta 3 correcta). Esta enfermedad se acompaña de importante esplenomegalia: otro dato clínico importante en esta enfermedad así como en el resto de los síndromes mieloproliferativos crónicos.","1. FARRERAS, 16a edic., Pág. 1819 2. HARRISON, 17a edic., Pág 674",HEMATOLOGÍA,Normal,"0,53",,Leucemia Mieloide Aguda tipo M6 (Eritroleucemia).,Trombocitemia Esencial.,Mielofibrosis Primaria.,Leucemia linfoblástica aguda.,Leucemia mielomonocítica crónica.,3,,
2010,85,9379,118235,FALSE,"Un paciente de 69 años acude al servicio de urgencias por debilidad, fatiga y epistaxis de repetición. El hemograma muestra anemia (hemoglobina 8,5 g/dl), leucopenia (leucocitos 1200/mm3) y trombopenia (plaquetas 35000/mm3). ¿Cuál es el diagnóstico MENOS probable?:","Estamos ante una pregunta difícil, ya que nos preguntan dónde es menos probable (pero no imposible) encontrar una pancitopenia. La aplasia medular y la mielofibrosis cursan con pancitopenia por definición, mayor cuanto más evolucionada está la enfermedad (opciones 1 y 5 incorrectas). Igualmente suele ocurrir en los síndromes mielodisplásicos, más aún cuando se transforman ya en auténticas leucemias agudas (respuesta 2 incorrecta). Las leucemias en general, son enfermedades tumorales con rápido crecimiento en médula ósea. Por ello tienden a bloquear a las células madres fisiológicas pudiendo presentar clínica por descenso de una, dos o las tres líneas celulares. Esto ocurre ya desde el inicio en las leucemias agudas que suelen presentar leucocitosis con descenso marcado de las otras dos líneas celulares (respuesta 3 incorrecta). La LMC, al igual que los otros tres síndromes mieloproliferativos crónicos con origen en la célula madre pluripotencial, puede sufrir un incremento no sólo de progenitores de estirpe linfoide, sinó también de estirpe megacariocítico de forma que las plaquetas casi siempre se encuentran elevadas en la fase crónica inicial de la enfermedad, acompañándose, eso sí, de anemia normocítica normocroma (respuesta 4 correcta).","2. FARRERAS, 16a edic., Pág. 1717 3. HARRISON, 17a edic., Pág 684",HEMATOLOGÍA,Normal,"0,38",,Aplasia medular.,Síndrome mielodisplásico.,Leucemia mieloblástica aguda.,Leucemia mieloide crónica.,Mielofibrosis.,4,,
2010,86,9380,118236,FALSE,Mujer de 25 años gestante de 9 semanas. Acude a Urgencias por presentar tumefacción de la pantorrilla izquierda de dos días de evolución. Eco-doppler venoso de miembros inferiores: ocupación de la vena poplítea femoral superficial femoral profunda del miembro inferior izquierdo por material ecogénico con mala compresibilidad de dichos vasos. ¿Cuál sería el tratamiento más adecuado?:,"El cuadro clínico nos habla de una mujer embarazada en su 9a semana de gestación con una posible trombosis venosa profunda. En estos pacientes hay que anticoagular inmediatamente, pero no podemos olvidar que los dicumarínicos o anticoagulantes orales están contraindicados durante el embarazo (respuestas 1, 3 y 5 incorrectas). A estas pacientes hay que heparinizarlas con HBPM y tras el parto, sustituirlas por dicumarínicos si precisa mantener el tratamiento (respuesta 2 correcta). Los fibrinolíticos se aceptan para el tratamiento del infarto agudo de miocardio, pero está poco aceptada su indicación en la TVP de extremidades inferiores ya que, si bien se pueden obtener buenos resultados flebográficos, no es claro que por ello se prevenga el desarrollo del síndrome postrombótico (además de estar contraindicados de forma relativa durante el embarazo por el riesgo importante de hemorragias secundarias) (respuesta 4 incorrecta).","1. FARRERAS, 16a edic., Pág. 1819 2. HARRISON, 17a edic., Págs 735-745",HEMATOLOGÍA,Fácil,"0,94",,"Heparina de bajo peso molecular solapada con dicumarínicos al menos los 5 primeros días, hasta obtener INR entre 2 y  3. Después, dicumarínicos solos.","Sólo heparina de bajo peso molecular mientras dure el embarazo, pasando a dicumarínicos tras el parto si es preciso prolongar el tratamiento.",Sólo dicumarínicos desde el principio.,Fibrinolisis con activador tisular del plasminógeno (tPA).,Los anticoagulantes están contraindicados en el embarazo. Sólo medias de compresión fuerte.,2,,
2010,87,9381,118237,FALSE,Mujer con historia personal y familiar de sangrado por mucosas. El estudio de coagulación presenta un tiempo de hemorragia y tiempo de tromboplastina parcial activado alargados. Actividad de protrombina del 100%. ¿Qué patología de la coagulación le sugieren estos datos?:,"Nos presentan un cuadro congénito con alteración de la hemostasia primaria (TH aumentado y clínica de sangrado por mucosas) y secundaria (Ttpa aumentado), por lo que la única opción correcta es la Enfermedad de Von Willebrand) (respuesta 1 correcta). Las hemofilias se descartan al ser una mujer la enferma, ya que esta enfermedad solamente se manifiesta en los varones) (respuestas 2 y 4 incorrectas). Los déficits de factores XI y VII provocan una alteración de la cascada de la coagulación, por lo que en ningún caso se alteraría la hemostasia primaria) (respuestas 3 y 5 incorrectas).","1. FARRERAS, 16a edic., Pág. 1803 2. HARRISON, 17a edic., Pág 724",HEMATOLOGÍA,Fácil,"0,81",,Enfermedad de Von Willebrand.,Hemofilia A.,Déficit de factor XI.,Hemofilia B.,Déficit de factor VII.,1,,
2010,88,9382,118238,FALSE,Se trata de una mujer de 35 años que tiene una historia de 5 meses de evolución de poliartritis crónica simétrica que afecta a pequeñas y grandes articulaciones periféricas. Había sido vista previamente por un médico que le había diagnosticado una artritis reumatoide. Elija de las siguientes respuestas que se refieren esta enfermedad la correcta:,"La pregunta hace referencia a conceptos sobre la Artritis Reumatoide. En aproximadamente 2/3 de los pacientes con AR se en uentra factor reumatoide positivo (respuesta 1 incorrecta). La pérdida del cartílago articular y las erosiones óseas se producen al cabo de meses de actividad mantenida (respuesta 2 incorrecta). No existen características especiales en los pacientes que pronostiquen su respuesta a los antirreumáticos con capacidad de modificación de la enfermedad (DMARD). Tampoco se han definido las indicaciones para emprender el tratamiento con alguno de estos fármacos. Hace poco se obtuvieron pruebas que demuestran que la administración de DMARD al principio de la artritis reumatoide reduce las erosiones óseas e impide el avance de la incapacidad. Ahora se sabe que este tipo de tratamiento debe iniciarse tan pronto como se establece el diagnóstico de artritis reumatoide, en particular en los pacientes con datos de una artritis agresiva y un pronóstico sombrío. Sigue en controversia cuál DMARD sería el fármaco de primera opción, y los estudios no han logrado demostrar una ventaja uniforme de uno respecto a otro. Pese a esto, el metotrexato ha surgido como el DMARD de elección.(respuesta 3 correcta). El aumento en la tasa de mortalidad al parecer está limitado a pacientes con artropatía más grave y puede atribuirse en gran parte a la infección y a la hemorragia gastrointestinal así como a un mayor riesgo de enfermedades cardiovasculares (respuesta 4 incorrecta). La AR aumenta la frecuencia de linfoma en particular de Linfoma de células B gigantes (respuesta 5 incorrecta.)","1. HARRISON 17o edic., Pág 2090",REUMATOLOGÍA,Fácil,"0,89",,Más del 95% de los pacientes con artritis reumatoide tiene en su suero niveles elevados de factor reumatoide.,Las erosiones articulares en las articulaciones de las manos y pies en esta enfermedad comienzan a aparecer después de 5 años de evolución.,El tratamiento estándar en esta paciente debe incluir fármacos modificadores de la enfermedad. de preferencia metotrexato.,La mortalidad por enfermedad cardiovascular en estos pacientes esta disminuida.,La mortalidad por cánceres sólidos y linfomas en estos pacientes está disminuida.,3,,
2010,89,9383,118239,FALSE,"Un varón de 80 años, diabético de años de evolución, acudió a consulta por rigidez de raquis de 10 años de evolución. En la anamnesis dirigida no refería dolor alguno. La exploración física evidenció una gran disminución de la flexo extensión, flexiones laterales y rotaciones del raquis cervical. El raquis dorsal y lumbar también estaban limitado. La radiología evidenció calcificaciones en la cara antero-lateral de los cuerpos vertebrales formando puentes óseos intervertebrales, que predominaban en lado derecho: el espacio discal estaba conservado. ¿Cual es su diagnóstico?:","La hiperostosis anquilosante vertebral de Forestier- Rotes ocurre en personas de mediana edad y ancianos y por lo general no es sintomática. La calcificación ligamentosa da el aspecto de ""escurrimiento de cera"" en los cuerpos anteriores de las vértebras. Se conservan los espacios de los discos intervertebrales, y las articulaciones sacroiliacas y apofisiarias tienen aspecto normal, lo que la ayuda a distinguir la de la espondilosis y de la espondilitis anquilosante, respectivamente (respuesta 3 correcta y 1 incorrecta). En la artrosis en los ancianos surgen de manera casi indefectible los cambios estructurales de OA; comprenden pérdida del cartílago y la aparición de osteofitos (respuesta 2 incorrecta). En la melorreostosis la principal manifestación es la hiperostosis lineal progresiva en uno o más huesos de una extremidad, por lo general inferior. El nombre proviene del aspecto radiográfico del hueso afectado, que semeja cera derretida que se ha escurrido de una vela (respuesta 4 incorrecta). La mastocitosis generalizada se define como una hiperplasia de células cebadas (mastocitos), a menudo de evolución lenta y no neoplásica. La expansión de mastocitos suele detectarse en la médula ósea y en las localizaciones periféricas de distribución normal, como la piel, la mucosa gastrointestinal, el hígado y el bazo (respuesta 5 incorrecta).",1. http://hiperostosisanquilosante.blogspot.com/,REUMATOLOGÍA,Normal,"0,51",,Espondilitis anquilopoyética.,Artrosis de raquis.,Hiperoslosis anquilosante vertebral de Forestier- Rotes.,Melorreostosis.,Mastocitosis.,3,,
2010,90,9384,118240,FALSE,"Mujer de 25 años que presenta un cuadro de 2 meses de evolución de artritis simétrica en manos, erupción fotosensible, hipertensión arterial y febrícula. Analítica: hemograma con 3.500 leucocitos/mm3, plaquetas 85.000/mm3, creatinina y transaminasas normales. Anticuerpos antinucleares positivos 1/320, antiDNA nativo positivo e hipocomplementemia. ¿Cuál de las siguientes pruebas aportaría información más relevante para el manejo de este caso?:","Estamos ante un cuadro clínico de Lupus eritematoso sistémico por lo tanto la actitud más adecuada es identificar si hay algún tipo de lesión renal ya que la nefritis suele ser la manifestación más grave del lupus, puesto que ésta y las infecciones constituyen las principales causas de mortalidad durante los primeros 10 años de evolución. La nefritis es asintomática en casi todos los pacientes con lupus, de manera que es importante realizar un examen general de orina en todo paciente con sospecha de esta enfermedad. Por tanto, está indicado administrar un tratamiento enérgico con inmunosupresores (casi siempre glucocorticoides y algún citotóxico), ante afección renal grave (respuesta 4 correcta y 1, 3 y 5 incorrectas). La determinación de anticuerpos antipéptido citrulinado se usan en en dg de artritis reumatoide (respuesta 2 incorrecta).",1. HARRISON 17o edic.Pags. 2076-2080,REUMATOLOGÍA,Difícil,"0,18",,Radiografía de manos.,Determinación de anticuerpos antipéptido cíclico citrulinado.,Determinación de anticuerpos anti Sm.,Sistemático de orina.,Aspirado de médula ósea.,4,,
2010,94,9388,118244,FALSE,"Mujer de 53 años que presenta una fractura cerrada del radio distal tipo ""Colles"" y ha sido tratada mediante reducción y colocación de yeso antebraquial. Como antecedentes relevantes no es fumadora y no tiene antecedentes de osteoporosis. Se obtuvo una reducción correcta y se ha optado por un tratamiento conservador. ¿Qué tiempo de inmovilización es el recomendado para una fractura de estas características?:","El tiempo adecuado de inmovilización de una fractura es un equilibrio entre el tiempo mínimo necesario para que no se produzca un desplazamiento secundario o favorezca una pseudoartrosis y el tiempo máximo para que no se produzcan pérdidas de movimiento en las articulaciones. En el miembro superior oscila entre menos de una semana para las fracturas de cabeza de radio, riesgo de rigidez articular, y 3-4 meses para las fracturas de escafoides, riesgo de pseudoartrosis. El tiempo de inmovilización habitual en el miembro superior es de 40 días (6 semanas) (respuesta 2 correcta). Una inmovilización de 2 semanas tiene mucho riesgo de provocar desplazamientos secundarios (respuesta 1 incorrecta). Inmovilizaciones de más de 10 semanas tienen mucho riesgo de provocar rigideces articulares (respuesta 3, 4 y 5 incorrectas).",1. MANUAL DE CIRUGIA ORTOPEDICA Y TRAUMATOLOGIA (SECOT) Tomo II. 2a ed. Pag. 899 2. http://www.jano.es/ficheros/sumarios/1/64/1460/28/1v64n1460 a13042616pdf001.pdf,TRAUMATOLOGÍA,Normal,"0,49",,Un tiempo máximo de 2 semanas.,Un tiempo máximo de 6 semanas.,Un tiempo máximo de 10 semanas.,Un tiempo máximo de 14 semanas.,Un tiempo máximo de 18 semanas.,2,,
2010,96,9390,118246,FALSE,"Una mujer de 35 años diagnosticada de Lupus Eritematoso Sistémico en tratamiento con corticoides a una dosis de 0.5 mg/kg/día durante varios meses, con buen control de la actividad inflamatoria, acude a la consulta por dolor continuo en la rodilla de 3 semanas de evolución, de inicio brusco sin antecedente traumático. Aporta un examen radiográfico dentro de la normalidad. ¿Qué exploración complementaria entre los siguientes pediría a continuación?:","Una complicación habitual de los pacientes con lupus eritematoso sistémico es el desarrollo de necrosis óseas avasculares. No está claro si es debido al propio lupus o al tratamiento con dosis altas de corticoides. Esta debe ser nuestra primera sospecha diagnóstica y debemos pedir una resonancia magnética para confirmarlo (respuesta 5 correcta). Las respuestas 2, 3 y 4 se utilizan para el diagnóstico de artritis reactivas o/y sépticas. No hay datos clínicos que nos hagan sospechar este diagnóstico: inflamación local, fiebre...(respuestas 2, 3 y 4 incorrectas). La tomografía de rodilla es un estudio habitual en otras patologías articulares (respuesta 1 incorrecta).",1. MANUAL DE CIRUGIA ORTOPEDICA Y TRAUMATOLOGIA (SECOT) Tomo I. 2a ed. Pag. 372 2. http://www.artroimagen.com/cards/view/461,TRAUMATOLOGÍA,Difícil,"0,05",,Tomografia de rodilla.,"Hemograma y formula leucocitaria, con Proteina C reactiva.",Recuento celular y bioquímica del líquido articular.,Cultivo del líquido articular.,Resonancia magnética.,5,,
2010,99,9393,118249,FALSE,"Hombre de 35 años. Antecedentes de epilepsia y adicción a drogas no parenterales. Ingresa en Urgencias tras ser encontrado comatoso en la calle. Al ingreso estuporoso, sin focalidad neurológica. Exploración cardiovascular normal. Tensión arterial 135/78 mm Hg. Dolor difuso a la compresión en miembros superior e inferior derechos, con pantorrilla derecha caliente y edematosa. Tras sondaje vesical se recuperan 200 mL de orina oscura. Analítica: hemoglobina 14,4 g/dl, 7.800 Ieucociíos/mm3, glucemia 68 mg/dl, urea 114 mg/dl, creatinina 4,4 mg/dl, úrico 9,9 mg/dl, calcio 7,0 mg/dl. Analítica de orina: densidad 1012. pH 5,5, proteinuria +, sedimento normal, sodio urinario 64 mmol/l. Ecografía renal normal. ¿A cuál de las siguientes pruebas o determinaciones analíticas le ve más utilidad inmediata para identificar la causa de la insuficiencia renal de este paciente?:","Consiste un cuadro de fracaso renal agudo, con “orina oscura” pero sedimento normal (sin hematíes). Destaca un calcio especialmente bajo (7 mg/dl) en probable relación con intensa hiperfosforemia (no nos dan ese dato). Los datos para orientar la causa del FRA son antecedentes de epilepsia, consumo de drogas vía NO parenteral e inflamación de tejidos blandos. Solicitar niveles de anticomiciales nos orientaría a saber si el paciente ha podido sufrir una convulsión por bajos niveles, pero los anticomiciales en sí mismos no son especialmente nefrotóxicos y por tanto no orientan a la causa del FRA (respuesta 1 incorrecta). Solicitar transaminasas tampoco nos aporta información sobre la causa del FRA aunque tenga daño hepático asociado (respuesta 3 incorrecta). Hemocultivos y urocultivos lo haríamos ante sospecha de paciente con bacteriemia o infección sistémica, pero carece de fiebre, no tiene leucocitosis, el consumo de drogas no es intravenoso... (respuesta 4 incorrecta). El estudio de vasos renales y de extremidades tampoco es muy orientativo, dado que ante sospecha de trombosis vascular, rara vez coincide en tres territorios a la vez (miembro superior, miembro inferior y ambos riñones) (respuesta 5 incorrecta). Parece tratarse de un paciente con rabdomiolisis intensa (inflamación de tejidos blandos) que ha causado FRA con hipocalcemia relevante y orina oscura (por la mioglobinuria) pero con ausencia de hematíes. Como factores de riesgo presente la epilepsia (la convulsión genera rotura de fibras musculares) y consumo de drogas (la cocaína también general rabdomiolisis). Ante dicha sospecha solicitaremos niveles de CPK (respuesta 2 correcta).","1. HERNANDO AVENDAÑO 3a edic, Pág. 769",NEFROLOGÍA,Fácil,"0,72",,Niveles de anticomiciales en sangre.,Nivel de creatinkinasa (CPK) en sangre.,Patrones de citolisis y colostasis hepática.,Hemoculüvos seriados y urocultivo.,"Estudio radiológico vascular, tanto de ríñones como de miembro inferior derecho.",2,,
2010,102,9396,118252,FALSE,"Paciente de 12 años que acude a urgencias por artralgia, dolor abdominal y hematuria macroscópica dos días después de haber sido diagnosticado de amigdalitis pultácea. A su ingreso la creatinina sérica es de 2 mg/dl. ¿Cuál es el diagnóstico más probable?:","Paciente joven, que presenta una faringitis y tras un breve periodo de latencia inicia un cuadro sugerente de nefropatía (hematuria) (respuesta 3 incorrecta). Dada la edad, la hematuria y la ausencia de edemas no parece compatible con un síndrome nefrótico (respuesta 5 incorrecta). No nos comentan antecedentes familiares, ni alteraciones oculares o auditivas que nos sugieran síndrome de Alport (respuesta 4 incorrecta). La forma de presentación de hematuria tras infección faríngea con breve periodo de latencia en alguien joven, es altamente sugerente de nefropatía IgA. Sin embargo, dado que presenta dolor abdominal y artralgias, debemos pensar en la forma sistémica de la nefropatía IgA: síndrome de Schonlein Henoch (respuesta 2 correcta).","1. FARRERAS 16 edic., Pág. 916 2. HERNANDO AVENDAÑO 3a edic, Pág. 383 Vasculitis Dolor abdominal Púrpura cutánea Artralgias Nefropatía Síndrome de Schoenlein Henoch",NEFROLOGÍA,Normal,"0,6",,Nefropatía IgA.,Síndrome de Schoenlein Henoch.,Glomerulonefritis postinfecciosa.,Síndrome de Alport.,Glomerulonefritis membranosa.,2,,
2010,103,9397,118253,FALSE,"Un paciente de 79 años y 70 Kg de peso con hipertensión arterial de 175/95 mmHg, así como antecedentes de infarto de miocardio e ictus cerebral presenta una creatinina de 1,9 mg/dl. Se inicia tratamiento con un inhibidor de la enzima de conversión de la angiotensina a dosis bajas. A los pocos días de inicio de tratamiento acude por dificultad para caminar y malestar general con tensión arterial de 150/90 mmHg. En la analítica se detecta creatinina de 6 mgr/dl y K+ de 7,8 mEq/l. Tras estabilizar y mejorar la situación del paciente que exploración realizaría de inicio para aclarar esta evolución:","Paciente con HTA y enfermedad vascular conocida (ACV pasado) presenta una enfermedad renal crónica con creatinina de 1,8 mg/dl. Tras introducir un IECA se produce un rápido empeoramiento de la función renal con intensa hiperpotasemia asociada. Dado el perfil epidemiológico (varón, de edad avanzada, con enfermedad arterioesclerótica conocida y fracaso renal tras bloqueo del SRAA) debemos sospechar estenosis de las arterias renales con nefropatía isquémica asociada. En base a esta sospecha se debe realizar pruebas de imagen dirigidas al estudio de las arterias renales (respuesta 4 correcta). La determinación de aldosterona es poco orientativa, pues probablemente esté elevada en plasma, pero por hiperaldosteronismo secundario a estenosis de arterias renales (respuesta 5 incorrecta).","1. FARRERAS 16 edic., Pág. 927",NEFROLOGÍA,Fácil,"0,87",,Biopsia renal.,Cistografia para descartar patología obstructiva baja.,Estudio de microalbuminuria.,Pruebas de imagen dirigidas al estudio de existencia de patología arterial renal.,Determinación de aldosterona en plasma.,4,,
2010,105,9399,118255,FALSE,"¿Cuál sería el diagnóstico más probable de un paciente de 35 años de edad que desde hace varias semanas presenta algún episodio aislado de hematuria leve, dolor en flanco de tipo cólico, polaquiuría y en el análisis de orina aparece piuría acida con urocultivo negativo?:","Se trata de un paciente joven con disuria, dolor cólico, hematuria episódica, sugerente todo ello de litiasis renal. Sin embargo, la presencia de piuria estéril, con “orina ácida” es altamente sugerente de tuberculosis urogenital (respuesta 4 correcta). La prostatitis aguda se presenta como cuadro agudo febril con dolor perianal (respuesta 3 incorrecta). Los tumores vesicales o de tracto urinario superior son raros en la juventud-edad media, y no se caracterizan por orina ácida (respuesta 5 incorrecta).","1. HERNANDO AVENDAÑO 3a edic, Pág. 540 2. FARRERAS 16 edic., Pág. 945",NEFROLOGÍA,Fácil,"0,92",,Cólico renal.,Tumor vesical.,Prostatitis aguda.,Tuberculosis urogenital.,Tumor del tracto urinario superior.,4,,
2010,106,9400,118256,FALSE,"Un hombre de 78 años de edad consulta por presentar desde hace unas semanas pérdida de pequeñas cantidades de orina sin ningún tipo de aviso previo. No lo relaciona con ninguna posición corporal ni actividad concreta. No presenta fiebre ni disuria. De entre las potenciales causas de incontinencia urinaria, ¿cuál es la más probable en este caso?:","Se trata de un cuadro de incontinencia. La pérdida es escasa y no percibida antes de que se produzca (por lo que no parece ser de tipo “urgencia” propia de infección de vías urinarias) (respuesta 1 incorrecta). Tampoco acontece en ocasiones concretas como risa, tos o cambios posturales (no se trata de tipo “esfuerzo” o estrés) (respuesta 4 incorrecta). Tal y como la describen parece ser una incontinencia por rebosamiento (la vejiga, intensamente repleccionada presiona sobre uretra y se produce pequeñas pérdidas de las que el paciente no es consciente). En un varón, de 78 años, sin clínica neurológica a otros niveles, la primera causa de incontinencia por rebosamiento se trata de hipertrofia benigna de próstata (respuesta 3 correcta).","1. FARRERAS 16 edic., Pág. 989",NEFROLOGÍA,Normal,"0,62",,Infección de vías urinarias.,Accidente vascular cerebral.,Hipertrofia de próstata.,Incontinencia de estrés.,Lesión del nervio pudendo.,3,,
2010,118,9412,118268,FALSE,Paciente de 39 años de edad sin antecedentes familiares ni personales de interés. Consulta por un cuadro de un mes de evolución caracterizado por un síndrome constitucional acompañado de dolor en hipocondrio derecho y hemicráneo izquierdo. La exploración física pone de manifiesto una lesión dolorosa y dura en región parietal izquierda así como una hepatomegalia dolorosa. La radiografía simple de cráneo muestra una lesión lítica con efecto de masa en parietal izquierdo de unos 5 cm de diámetro y la ecografía abdominal varias lesiones ocupantes de espacio en hígado. ¿Cuál sería la primera exploración que realizaría?:,"La asociación de lesión lítica en hueso, varias LOES (lesiones ocupantes de espacio) en hígado y síndrome constitucional nos debe hacer sospechar un cáncer. La prueba definitiva para confirmar el diagnóstico es la toma de muestra histológica que puede obtenerse mediante PAAF (punción aspiración con aguja fina) (respuesta 5 correcta). Los marcadores tumores no son específicos ni útiles para confirmar un diagnóstico de cáncer ni para determinar el origen del tumor, la mayor utilidad la tienen en la evaluación de la respuesta al tratamiento y en el seguimiento (respuesta 1 incorrecta). La TC de cuerpo entero sería el estudio de extensión de elección para tratar de localizar el tumor primario y las metástasis una vez se tenga la confirmación histológica y si en este no se localizase el primario podría realizarse un PET-TC (respuestas 2 y 3 incorrectas). Los estudios endoscópicos, gastroscopia + colonoscopia, deben limitarse a los pacientes con síntomas digestivos o hallazgos analíticos o en imagen que sugieran origen tumoral en estómago o colon (respuesta 4 incorrecta).","1. HARRISON, 17a edic., Pág. 614. Estudio patológico para confirmación diagnóstica de cáncer",ONCOLOGÍA,Difícil,"0,26",,Marcadores tumorales.,TC de cuerpo entero.,PET-TC.,Gastroscopia + colonoscopia.,Una PAAF.,5,,
2010,119,9413,118269,FALSE,Hombre de 59 años que durante su ingreso hospitalario se diagnostica de metástasis hepáticas de carcinoma de célula pequeña pulmonar. Se decide conjuntamente con Oncología su traslado para iniciar quimioterapia. El paciente no ha explicitado en ningún momento su deseo de conocer su situación. ¿Cuál de las siguientes sería la mejor forma de iniciar la información por parte del médico?:,"Existen 4 tipos de relación médico-paciente: informativa, paternalista, interpretativa y deliberativa de las que la más aceptada actualmente en nuestro medio es la deliberativa. La respuesta 1 equivale a una relación informativa, se da la información de forma directa sin tener en cuenta las necesidades del paciente (respuesta 1 incorrecta). La respuesta 2 equivale a una relación paternalista, que fue la dominante en nuestro país hasta hace unos años, en ella se ve al paciente como un ser débil a quien conocer la realidad le hará daño por lo que se considera que ocultarla es deber del médico (respuesta 2 incorrecta). La respuesta 3 equivale a una relación interpretativa en la que se reconoce que los valores del paciente pueden entrar en conflicto de acuerdo con la situación y por ello el profesional “interpreta” la información a dar de acuerdo a sus valores, pero de forma rígida e inmutable (respuesta 3 incorrecta). La respuesta 5 equivale a una relación deliberativa que es la adecuada puesto que se basa en el principio de beneficencia respetando la no maleficencia, la autonomía y teniendo en cuenta las necesidades de cada paciente por lo que se facilita la información y la toma de decisiones según las circunstancias y consecuencias individuales (respuesta 5 correcta).","1. GIL F. Manual Psico-Oncología, Págs. 39-56.",ONCOLOGÍA,Fácil,"0,8",,"""Mire, tenemos los resultados de las pruebas y a partir de este momento el Servicio de Oncología se hará cargo de su tratamiento ya que padece un carcinoma metastásico hepático"".","""La causa de los síntomas que han motivado su ingreso es un quiste del hígado que se ha complicado y hay que valorar con otros especialistas cómo hacer un tratamiento definitivo"".","""A pesar de que Ud. no ha manifestado nunca estar interesado por conocer el diagnóstico de su enfermedad, antes de trasladarlo al Servicio de Oncología debo informarle que tiene un cáncer de pulmón con metástasis en el hígado y va a requerir quimioterapia cuyos resultados no se podrán valorar de aquí a un tiempo"".",Informar sólo a los familiares ya que el paciente nunca preguntó sobre su proceso.,"""Si le parece bien hablamos del estado de su enfermedad..."". ""Con los exámenes practicados sabemos que tiene varios nodulos en el hígado, como quistes. En el análisis de la punción realizada aparecen unas células que sugieren un tumor maligno de procedencia pulmonar"". ""Este tipo de tumores responden a los tratamientos actuales con quimioterapia y por lo tanto le proponemos que el Servicio de Oncología, con el que ya hemos contactado. inicie esta pauta de inmediato"".",5,,
2010,123,9417,118273,FALSE,"Una mujer de 85 años consulta por cansancio y debilidad especialmente por las mañanas. A veces se encuentra inestable al caminar y tiene que sentarse para recuperar el equilibrio. En dos ocasiones ha tenido que sentarse para no caer pero niega síntomas de mareo. Tiene hipertensión arterial, incontinencia urinaria y artrosis. Su tratamiento es hidroclorotiazida (25 mg/d), oxibutinina (10 mg/d), lisinopril (10 mg/d), calcio (1500 mg/d) y paracetamol (3 gr/d). A la exploración destaca una tensión arterial de 115/70 mmHg, pulso 80 lpm. Sus movimientos son lentos. Tiene un temblor moderado en las manos. Puede levantarse de la silla lentamente pero sin necesidad de apoyarse en los brazos. Camina levemente inclinada hacia delante con poco balanceo de los brazos. Gira lentamente pero sin perder el equilibrio. No es capaz de mantenerse sobre un solo pie. ¿Cuál de las siguientes posibles actuaciones realizaría en primer lugar?:","Nos encontramos ante una hipotensión ortostatica en este caso probablemente secundaria a una enfermedad de Parkinson. La clínica que presenta el caso es un paciente con temblor en ambas manos, con bradicinesia (escaso movimiento de los brazos) con pérdida de reflejos posturales haciendo que el cuerpo se desplace hacia delante, diagnostico clínico de Parkinson. Además esta paciente asocia tratamientos hipotensores: diurético como hidroclorotiacida, inhibidores del enzima convertidor de la angiotensina como lisinopril, un antiespasmódico de uso en la urgencia miccional como la oxibutinina. De todas las opciones propuestas la primera a realizar es descartar que los cuadros presincopales sean secundarios a dicha hipotensión, por lo que deberemos realizar mediciones de tensión arterial tras permanecer el paciente en decúbito supino al menos 5 minutos y después de 1 y 3 minutos de postura erecta (respuesta 4 correcta). La camilla basculante es útil en caso de que queramos descarta una respuesta hipotensora tardía o sincope vaso-bagal (respuesta 3 incorrecta). El tratamiento precoz de la enfermedad de Parkinson no mejora dicho cuadro (respuesta 5 incorrecta). En el caso que se nos plantea el estudio de la agudeza visual (opción 1 incorrecta) no aportaría datos para el diagnostico y el estudio mediante RNM no seria de realización en primer lugar (respuesta 5 incorrecta)","1. Manual Meck de geriatría, 2a edición, año 2001; capitulo 87, paginas 845-847",GERIATRÍA,Difícil,"0,13",,Valorar la agudeza visual.,Realizar una resonancia magnética.,Estudio con mesa basculante.,Medir la tensión arterial tumbada y levantada.,Intento terapéutico con L-dopa.,4,,
2010,124,9418,118274,FALSE,"Hombre previamente sano de 54 años ingresado en el hospital por pérdida de peso, fiebre y mialgias de 15 días de duración. Las pruebas realizadas hasta el momento no habían aportado un diagnóstico definitivo. El paciente fallece bruscamente. ¿Cómo plantearía la solicitud de autopsia clínica a su familia?:","La respuesta correcta es la 1 dirigiéndose al familiar con quien mantenido la información y argumentando en tres campos: la mínima desfiguración del cadáver tras la autopsia, la posibilidad de conocer las causas de la muerte en la familia para ayudarles en el duelo y la colaboración en la investigación médica con facultativos que a su vez atendieron al paciente en vida Una de las razones fundamentales para que la familia no autorice la autopsia es la desfiguración del cadáver, por lo que es importante dar información correcta para evitar la negativa (respuesta 1 correcta). La respuesta 2 solicitud a toda la familia presente y argumentando datos de cara a posibles enfermedades hereditarias es incorrecta ya que es más difícil conseguir la comprensión y el acuerdo con un grupo de personas en situación crítica, en vez de con un sólo interlocutor ya conocido. Además se argumentan únicamente datos que pueden generar temor en la familia (respuesta 2 incorrecta). Las respuestas 3 y 4 aducen razones parciales para solicitar la autopsia y no proporcionan otra información que prepare adecuadamente emocionalmente a la familia para su consentimiento (respuestas 3 y 4 incorrectas). En el último caso se pierde la oportunidad de investigación de un caso que termina en muerte sin conocer la causa concreta, y que lleve a poder salvar posibles vidas posteriormente (respuesta 5 incorrecta).","1. Bombí JA, Cardesa A. La autopsia clínica. Med Clin (Barc) 1986;86:328-31",COMUNICACIÓN,Normal,"0,52",,Dirigiéndose al familiar con quien ha mantenido la información del proceso durante el ingreso y argumentando la mínima desfiguración del cadáver y la importante información que puede dar la autopsia para la familia y para los médicos que se encargaron de atenderlo en vida.,A toda la familia presente en ese momento argumentando datos que la autopsia puede dar de cara a posibles enfermedades hereditarias.,Dirigiéndose al familiar con quien ha mantenido la información del proceso durante el ingreso y argumentando la contribución al conocimiento científico.,"Aduciendo, como principal razón, el derecho que les asiste de conocer el diagnóstico preciso no detectado en vida del paciente.","No solicitaría la autopsia ya que la rentabilidad seria, probablemente, poco relevante.",1,,
2010,127,9421,118277,FALSE,"Hombre de 45 años que consulta por episodios de cefalea acompañados de sudoración profusa y cifras de tensión arterial elevadas (190/110 mmHg). La exploración es normal. La analítica muestra leucocitosis con desviación izquierda siendo elevados los niveles de metanefrinas plasmáticas y catecolaminas urinarias. En la TC abdominal se observa una masa suprarrenal derecha, indique qué fármaco emplearía en primer lugar para evitar la crisis hipertensiva asociada a la inducción anestésica:","En el caso clínico de la pregunta todos los datos apuntan al diagnóstico de un feocromocitoma, tumor de la médula suprarrenal, con capacidad para segregar epinefrina y norepinefrina independientemente del control neurogénico.Sólo el 10% son bilaterales,y pueden formar parte del Síndrome de neoplasia endocrina múltiple (MEN). La inducción anestésica es quizás el momento donde se produce una mayor descarga simpática, mayormente debida a la intubación orotraqueal. Esa descarga simpática se traduce en cambios hemodinámicas desfavorables como la hipertensión y la taquicardia, los cuales cobran aún más importancia y gravedad en el caso de un feocromocitoma,donde pueden ser especialmente graves y refractarias al tratamiento.Para evitarlo se intenta conseguir un bloqueo de los receptores alfa (responsables principales de la hipertensión) de 10 a 14 días antes, fundamentalmente con fenoxibenzamina vía oral. La fenoxibenzamina es un bloqueante alfa 1y 2 de acción larga y es el fármaco de elección para conseguir un bloqueo alfa efectivo que trate de impedir o minimizar las crisis hipertensivas en el momento de la intervención quirúrgica (respuesta 5 correcta). Tanto el propanolol como el labetalol son bloqueantes beta. El propanolol es un bloqueante no selectivo mientras que el labetalol es un bloqueante mixto alfa y beta con un ratio de bloqueo beta/alfa de 3:1. Ninguno de los dos se utiliza para la preparación preoperatorio y la evitación de respuestas hipertensivas, si bien el labetalol si se utiliza en el manejo de las crisis hipertensivas durante la intervención,junto con otros fármacos como el nitroprusiato o la fentolamina (respuestas 1 y 4 incorrectas). La furosemida es un diurético de asa y por tanto no tiene ningún papel en el manejo perioperatorio del feocromocitoma (respuesta 2 incorrecta). El Captopril es un inhibidor de la ECA, la cual no tiene ningún papel relevante en la génesis de las respuestas y crisis hipertensivas del feocromocitoma,que se basan sobre todo en la estimulación de los receptores alfa por la epinefrina y la norepinefrina segregadas de forma autónoma por el propio tumor (respuesta 3 incorrecta).","1. HARRISON’S 16a edic, págs 38-42 2. FARMACOLOGIA EN ANESTESIOLOGIA 2a edic, págs 143-163",ANESTESIA,Fácil,"0,91",,Propanolol.,Furosemida.,Captopril.,Labetalol.,Fenoxibenzamina.,5,,
2010,147,9441,118297,FALSE,"Mujer 58 años. Presenta desde hace semanas tristeza y desmotivación con lloros inmotivados. Pensamientos negativos sobre el futuro, preocupación por pequeños problemas, apatía general y abandono de sus actividades habituales. Los familiares explican que hace años sufrió algo parecido y le estuvieron dando unas pastillas que no recuerdan. Descartada cualquier patología orgánica ¿cuál es, entre los siguientes, el tratamiento psicofarmacológico más adecuado?:","La paciente presenta un cuadro caracterizado por tristeza y desesperanza que dura más de dos semanas y afecta el funcionamiento previo: un episodio depresivo mayor. En este caso, como se refiere la presencia de al menos otro episodio previo de depresión, hablamos de trastorno depresivo mayor, recidivante. El tratamiento farmacológico de la depresión se realiza con antidepresivos. Los inhibidores selectivos de recaptación de la serotonina (ISRS) son fármacos eficaces y bien tolerados por lo que son una opción de primera elección. El citalopram es un antidepresivo ISRS (respuesta 1 correcta). Otros ISRS son fluoxetina, fluvoxamina, escitalopram, sertralina y paroxetina. La risperidona es un antipsicótico y se emplea en trastornos psicóticos (respuesta 2 incorrecta). La carbamazepina, inicialmente utilizada para tratar la neuralgia del trigémino y las crisis epilépticas parciales o generalizadas, viene empleándose como estabilizador del humor y es útil en trastorno bipolar (respuesta 3 incorrecta). El diazepam es un benzodiacepina que ejerce un efecto ansiolítico y sedante (respuesta 4 incorrecta). El metilfenidato es un estimulante del SNC útil en el TDAH (respuesta 5 incorrecta).","1. KAPLAN & SADOCK, 10a edic., Pág. 558",PSIQUIATRÍA,Fácil,"0,87",,Citalopram 20 mg/día,Risperidona 6 mg/día,Carbamazepina 600 mg/día,Diazepan 5 mg/noche,Metilfenidato 18 mg/día,1,,
2010,149,9443,118299,FALSE,"Un hombre de 67 años acude a la consulta presentando un deterioro cognitivo progresivo y de rápida evolución (meses) que afecta preferentemente a las funciones corticales prefrontales (fluencia verbal, funciones ejecutivas) y parietales (función visual-constructiva). También destaca un déficit en la capacidad atencional, preservación de la capacidad mnésica, sintomas psicóticos que incluyen alucinaciones visuales y olfativas e ideas delirantes secundarias, síntomas extrapiramidales (parkinsonismo acinético) y neurovegetativos, alteraciones en la marcha y notable fluctuación de la gravedad de la clínica de un día para otro. El cuadro clínico sugiere:","La demencia se define como un deterioro progresivo de las funciones cognitivas que aparece en la consciencia clara (es decir en ausencia de delirium). Las causas más frecuentes en mayores de 65 años son: enfermedad de Alzheimer, demencia vascular y demencia mixta de Alzheimer y vascular. La demencia tipo Alzheimer se caracteriza por inicio gradual y deterioro cognitivo continuo incluyendo deterioro de la memoria y al menos una de las siguientes: afasia, apraxia, agnosia y alteración de la ejecución (respuesta 1 incorrecta). La demencia vascular, anteriormente conocida como multiinfarto, se debe principalmente a la presencia de múltiples áreas de enfermedad vascular cerebral, cuyo resultado es un patrón sintomático de demencia. Más frecuente en varones, sobre todo en aquellos que presentan hipertensión arterial u otros factores de riesgo cardiovascular (respuesta 2 incorrecta). La encefalopatía en la infección por el VIH se asocia a demencia y se denomina complejo demencia-sida o demencia-VIH. Además de infección sistémica por VIH requiere de alteración adquirida de al menos dos capacidades cognitivas durante al menos 1 mes y alteración de la función motora o declive de la motivación o control emocional o conducta social (respuesta 3 incorrecta). La enfermedad por cuerpos de Lewy es una demencia clínicamente similar a la demencia de Alzheimer y con frecuencia se caracteriza por alucinaciones, rasgos parkinsonianos y signos extrapiramidales. Se observan inclusiones de cuerpos de Lewy en la corteza cerebral. Estos pacientes tienen intensos efectos adversos cuando reciben antipsicóticos (respuesta 4 correcta). La enfermedad de Pick se caracteriza por la preponderancia de atrofia en las regiones frontotemporales. Los estadios iniciales se caracterizan por cambios de la personalidad y conducta, con una conservación relativa de otras funciones cognitivas. Más frecuente en varones, sobre todo en aquellos que tienen un familiar de primer grado afecto de la enfermedad (respuesta 5 incorrecta).","1. KAPLAN & SADOCK, 10a edic., Pág. 329",PSIQUIATRÍA,Fácil,"0,74",,Una demencia tipo Alzheimer.,Una demencia vascular.,Una demencia-SIDA.,Una demencia por cuerpos de Lewy.,Una demencia de Pick.,4,,
2010,162,9456,118312,FALSE,"Una gestante de 34 semanas de edad gestacional ingresa por urgencias con cefalea, escotomas visuales centelleantes y dolor epigástrico en barra. Su tensión arterial es de 170/110 mm Hg, tiene edemas y proteinuria 3+. En la analítica sanguínea el hematocrito, las plaquetas y las enzimas hepáticas son normales. ¿Que actitud recomendaría?:","El tratamiento definitivo de la preclampsia es la finalización de la gestación, el momento dependerá del estado materno-fetal y la edad gestacional. La evolución clínica de la preeclampsia grave suele ser hacia la progresión con riesgo de empeoramiento del estado materno fetal. Por ello, siempre que se diagnostique a partir de la 34 semana se debe finalizar la gestación. La paciente en este caso cumple criterios de gravedad (HTA severa y síntomas prodrómicos de eclampsia). El 1o objetivo en el caso de la preclampsia grave es la prevención de la eclampsia y la disminución del riesgo de hemorragia cerebral, siendo el fármaco de elección el sulfato de magnesio (respuesta 1 correcta) (respuesta 2 incorrecta) (respuesta 4 incorrecta). Se podría aconsejar un manejo expectante siempre que se cumplan los requisitos necesarios para una vigilancia intensiva del bienestar materno fetal antes de la 34 semana. En este caso y si la TA es superior a 160/110 estaría indicado el tratamiento hipotensor, siendo el fármaco de 1a elección el labetalol (respuesta 3 incorrecta). No es preciso asociar corticoides a partir de la 34 semana para maduración pulmonar (respuesta 5 incorrecta)",1. CABERO. L Obstetricia y Medicina materno-fetal. Ed Médica Panamericana. 2007 Págs. 669-70,GINECOLOGÍA,Difícil,"0,29",,Tratamiento con sulfato de magnesio y después inducción del parto o cesárea si no reúne condiciones favorables para la inducción.,Inducción del parto.,Tratamiento con hidralazina y si se normaliza la tensión arterial continuar el embarazo hasta alcanzar las 36-37 semanas.,Cesárea inmediata.,Tratamiento con hidralazina. y con glucocorticoides para lograr la maduración pulmonar fetal pasadas 24 horas inducir el parto.,1,,
2010,163,9457,118313,FALSE,"Mujer de 30 años, sin hijos, que consulta por dismenorrea de varios años de evolución, aunque el dolor se ha intensificado en los últimos meses. En la exploración se detecta una tumoración en ovario derecho, con útero poco móvil y doloroso. Ovario izquierdo normal y doloroso. Por ecografía se visualiza una formación quística homogénea compatible con endometrioma en ovario derecho de 7 cms de diámetro. ¿Cuál es el tratamiento indicado en esta paciente?:","El tratamiento de la endometriosis se debe individualizar en función de la edad, extensión de la enfermedad, duración de la esterilidad, deseo reproductivo y severidad de los síntomas. Los tratamientos médicos no resultan eficaces en todos los endometriomas ováricos, sino en los más pequeños (menores de 1 cm). Los tratamientos médicos no mejoran la fertilidad en mujeres estériles con endometriosis (respuesta 1 incorrecta) (respuesta 3 incorrecta). El tratamiento médico preoperatorio no es útil, salvo en enfermedad profunda que afecta al fondo de saco o tabique rectovaginal (respuesta 4 incorrecta). Cuando la enfermedad es leve o moderada el tratamiento médico puede controlar el dolor, pero sin efecto en la fertilidad. La cirugía es tan eficaz como el tratamiento médico para aliviar el dolor y puede mejorar la fertilidad. En las endometriosis moderadas o graves con distorsión de la anatomía la cirugía es el tratamiento de elección, siendo la vía de abordaje de elección laparoscópica En este caso se debe ser lo más conservador posible por lo que la mejor opción es la quistectomía con resección total de la pseudocápsula (respuesta 2 correcta). La ooforectomía sería una opción razonable en pacientes sin deseo genésico y de mayor edad (respuesta 5 incorrecta).","1. BAJO ARENAS JM. Fundamentos de Ginecología. SEGO, 2009. Págs 259-262",GINECOLOGÍA,Normal,"0,4",,Anticonceptivos orales.,Quistectomía ovárica por laparoscopia.,Antiinflamatorios no esteroideos.,Análogos de la GnRH durante 3 meses.,Ooforectomía por laparoscopia.,2,,
2010,164,9458,118314,FALSE,"Gestante de 32 semanas que acude a su consulta para el control de la gestación en visita programada. En el último mes ha ganado 4 Kg. de peso. Presenta edemas en miembros inferiores y una TA de 140/90 en ese momento y tras repetir la toma 30 minutos después. Realiza una ecografía en la que observa un feto con una biometría acorde con la amenorrea, placenta y líquido anmiótico normales. ¿Cuál de las siguientes decisiones tomará a continuación?:","El diagnóstico de preclampsia se realiza cuando en dos o más tomas separadas al menos 4 horas, la TA sistólica ≥ 140 mmHg y/o TA diastólica ≥ 90 mmHg en una gestante previamente normotensa y se acompaña de proteinuria (≥300mg en orina de 24 horas o ≥2++ en una muestra aislada en dos determinaciones separadas). Se define como hipertensión gestacional si la hipertensión no se acompaña de proteinuria (respuesta 3 incorrecta) (respuesta 5 correcta). El edema no se incluye en los criterios diagnósticos de los THE, debido a su alta prevalencia durante la gestación normal. Sin embargo, el desarrollo rápido de un edema generalizado es habitualmente anormal. Ante el diagnóstico de preclampsia se debe establecer la severidad del cuadro. El tratamiento hipotensor no está indicado por debajo de los criterios de HTA grave, pues no mejora el pronóstico (respuesta 1 incorrecta). El reposo no ha demostrado que mejore el pronóstico de la enfermedad, aunque puede mejorar la retención hídrica y la perfusión fetal. La dieta debe ser normocalórica, normoproteica y normosódica (respuesta 2 incorrecta)","1. CABERO. L Obstetricia y Medicina materno-fetal. Ed Médica Panamericana. 2007 Págs. 669-70 2. Trastornos hipertensivos del embarazo. Protocolos Obstetricia, SEGO, 2006.",GINECOLOGÍA,Normal,"0,52",,Pautar tratamiento con alfametildopa.,Recomendar dieta hipocalórica y reducir ingesta de sal.,Diagnóstico de preeclampsia. Reposo y tratamiento antihipertensivo.,"Dado que no existe patología, se debe continuar con los controles normales de la gestación.",Solicitar analítica de orina.,5,,
2010,166,9460,118316,FALSE,"Ante una mujer de 23 años que consulta por ciclos largos con baches amenorreicos de hasta 3 meses, acné facial y aumento del vello, la prueba complementaria que mejor nos orientará el diagnóstico será:","Para el diagnóstico del síndrome del ovario poliquístico se deben cumplir al menos dos de los siguientes criterios (criterios para el diagnóstico de SOP, Rotterdam 2003): - oligo y/o anovulación - hiperandrogenismo (clínico y/o bioquímico) - ovarios poliquísticos definidos por ecografía vaginal con la presencia de 12 o más folículos de 2- 9mm y/o volumen ovárico mayor de 10ml. Con que la imagen ecográfica sea en un solo ovario es suficiente (respuesta 1 correcta). Los criterios de Rotterdam no consideran la determinación de LH ni de su cociente con la FSH para el diagnóstico de SOP. La relación LH/FSH tiene valor en el diagnóstico diferencial con las amenorreas de origen central. Un tercio de las pacientes con SOP no presentan estas alteraciones. El cuadro mantiene el calificativo de síndrome porque no es posible definirlo mediante un único criterio. La obesidad, anorexia, bulimia, hiperprolactinemia, disfunciones hipotalámicas y tiroideas, hiperplasia suprarrenal o psicofármacos, simulan la misma sintomatología y deben ser excluidas antes de llegar al diagnóstico. En este caso la respuesta correcta ante una clínica de oligoanovulación e hiperandrogenismo clínico sería la ecografía. ","1. BAJO ARENAS JM. Fundamentos de Ginecología. SEGO, 2009. Págs 73-75",GINECOLOGÍA,Normal,"0,58",,Ecografía transvaginal.,Test de estrógeno-gestágenos.,Determinación plasmática de FSH y LH.,Determinación plasmática de estradiol y progesterona.,Determinación plasmática de prolactina.,3,,
2010,170,9464,118320,FALSE,"Mujer de 17 años de edad que acude a la consulta por retraso en el inicio de la pubertad. Refiere ausencia de menarquia. En la exploración física destacan los siguientes hallazgos: talla 1.49 cm., cuello ancho, pezones mamarios muy separados, y mamas y vello púbico propios de la etapa I de Tanner. Señale cuál de las siguientes pruebas confirmará el diagnóstico con mayor probabilidad:","Ante la clínica descrita debemos sospechar un síndrome de Turner. El 60% presentan un cariotipo 45X0 y el resto mosaicismos o anomalía estructural de uno de los cromosomas. Clínicamente el fenotipo es femenino con infantilismo sexual, talla baja, pterigium colli, cúbito valgo y con frecuencia malformaciones extragenitales. Los genitales internos son femeninos pero infantiles al igual que los externos. El vello púbico y axilar es escaso y hay ausencia del desarrollo mamario. La amenorrera suele ser 1a, pero es posible en los mosaicismos menstruación espontánea e incluso gestación. El fallo gonadal produce una elevación importante de los niveles de gonadotrofinas con niveles de esteroides normales o bajos, aunque esto es común a otras muchas patologías (respuesta 4 incorrecta) (respuesta 5 incorrecta). El diagnóstico se realiza por el cariotipo y la evidencia de una gónada disgenética (respuesta 3 correcta). En este caso tanto la hormona de crecimiento como la resonancia craneal no muestran ninguna utilidad (respuesta 1 incorrecta) (respuesta 2 incorrecta). El tratamiento con terapia hormonal sustitutiva permite una correcta diferenciación secundaria y prevención de la osteoporosis.","1. BAJO ARENAS JM. Fundamentos de Ginecología. SEGO, 2009. Págs 185-186.",GINECOLOGÍA,Fácil,"0,95",,Hormona de crecimiento.,Resonancia magnética de cráneo.,Cariotipo.,Hormona folículoestimulante (FSH),Hormona luteinizante (LH).,3,,
2010,198,9492,118348,FALSE,Un paciente con insuficiencia renal moderada (filtrado glomerular de 55ml/min) es diagnosticado de tuberculosis pulmonar. ¿Cuál sería la actitud correcta respecto a la dosis de rifampicina a emplear en su tratamiento?:,"La rifampicina es un fármaco con un importante metabolismo hepático. No precisa ajuste de dosis en la insuficiencia renal (respuesta 1 correcta y respuestas 2, 3, 4 y 5 incorrectas). Este concepto ha sido preguntado con anterioridad en el MIR","1. BERTRAM G. 10a edic, cap 47",FARMACOLOGÍA,Fácil,"0,68",,No es preciso modificar la dosis habitual,Debe reducirse la dosis al 50% de la dosis habitual.,El periodo de tiempo interdosis debe duplicarse.,Esta contraindicada su utilización.,Debe reducirse la dosis a un tercio de la dosis habitual.,1,,
2010,207,9501,118357,FALSE,Mujer de 35 años de edad que acude a urgencias por presentar orina turbio-hemática y síndrome miccional agudo. El laboratorio de microbiología informa en la tinción de Gram de la orina de cocos gram positivos en cadenas. A las 24 horas el cultivo indica la presencia del microorganismo Enterococcus faecalis. Si no dispone de antibiograma ¿qué antibiótico administraría?:,"La ampicilina (respuesta 5 correcta) alcanza concentraciones urinarias lo suficientemente elevadas como para constituir una monoterapia adecuada en casos como el presente de ITU no complicada. Los enterococos son resistentes a todas las cefalosporinas incluido la cefuroxima, (respuesta 2 incorrecta) representa una elección errónea. Casi todos los enterococos son resistentes a la estreptomicina, por lo que este fármaco no debe administrarse, salvo que se haya comprobado la sensibilidad al mismo (hecho que no ha ocurrido en la paciente) (respuesta 1 incorrecta). La colistina es una polimixina cuya estructura se corresponde con un polipéptido básico cíclico y con actividad frente a bacterias gram negativas (respuesta 3 incorrecta). Quinupristina-dalfopristina posee indicación clínica frente a los enterococos resistentes a vancomicina. Es una combinación de dos estreptograminas con actividad bacteriostática in vitro frente a E. faecium, pero no contra E. faecalis ni otras especies de enterococos (respuesta 4 incorrecta).","1. HARRISON 17 ed. pag. 844, 855,888-889",MICROBIOLOGÍA,Difícil,"0,27",,Estreptomicina,Cefuroxima,Colistina,Quinupristina-dalfopristina,Ampicilina,5,,
2010,224,9518,118374,FALSE,Un hombre de 21 años es portador de una mutación (de etiología validada) en el gen MFN 2 (mitofusin 2 cromosoma 1p36.2) Recientes estudios sitúan tales mutaciones como la causa más frecuente de la enfermedad de Charcot-Marie-Tooth tipo 2a (CMT2A). El gen MFN2 determina la fusión entre las mitocondrias circunstancia importante de su fisiología y morfología. Acude a la consulta de consejo genético con su esposa en la que un reciente análisis ha descartado mutaciones en el citado gen MFN2. Ambos están asintomáticos. ¿Cuál es el riesgo de transmisión de la enfermedad?:,La dificultad de la pregunta está en conocer que la enfermedad de Charcot-Marie-Tooth es de herencia autonómica dominante. Cada hijo de un portador del alelo anormal (Aa) y de un sano (aa) tiene una probabilidad del 50% de heredar dicho alelo A y de padecer la enfermedad asociada (respuesta 3 correcta). Aunque nos hablen de daño en las mitocondrias esto no es lo mismo que la herencia a través del ADN mitocondrial que no ocurre en esta enfermeda (respuesta 2 incorrecta). La penetrancia indica la manifestación fenotípica de un genotipo por lo que aunque en el padre no se haya manifestado la enfermedad (penetrancia incompleta) como si tiene el gen anormal si puede transmitírselo a su descendencia (respuesta 5 incorrecta).,"1. GRIFFITHS. Genética, 7a edic., pág.47. Herencia autosómico dominante: Aa x aa= 50% afectos y portadores",GENÉTICA,Difícil,"0,09",,"No hay riesgo, porque el CMT2A es mayoritariamente de herencia recesiva y ambos padres han de ser portadores (la esposa no lo es) para poder transmitirla.","Al tratarse de un efecto sobre las mitocondrias. La enfermedad únicamente se transmitirá vía materna (herencia materna), por lo que no existe riesgo.","Al tratarse de una enfermedad de herencia autosómico dominante, el riesgo de tener un hijo afecto es del 50%.","El gen MFN2 está en el cromosoma 1. por lo que todos los hijos varones están exentos de riesgo, en cambio todas sus hijas serán portadoras.","No hay riesgo, puesto que la enfermedad no ha aparecido en el padre (penetrancia incompleta).",3,,
2010,226,9520,118376,FALSE,Un paciente de 50 años con antecedentes de tabaquismo dislipemia y diabetes consulta por presentar desde hace 36 horas episodios repetidos de dolor torácico opresivo con sudoración. El último y más prolongado tuvo una duración de 45 minutos. El ECG muestra descenso persistente del ST de 2 mm en derivaciones DII Bill y aVF. Señale la afirmación más correcta: El tratamiento inicial debe incluir (salvo contraindicación):,"Se trata de un paciente con un síndrome coronario agudo sin elevación del segmento ST. El tratamiento debe iniciarse descartando de manera rápida causas secundarias como taquicardia crisis HTA o anemia. Posteriormente desde un punto de vista fisiopatológico medidas para evitar la progresión de la supuesta trombosis (aspirina, clopidogrel y heparina preferentemente de bajo peso molecular a dosis anticoagulante) y medidas para frenar la isquemia habitualmente combinando antianginosos. Dado que presenta datos de alto riesgo (descenso de ST) habría que planear un cateterismo precoz con vistas a dilatar la lesión coronaria culpable o bien programar cirugía si es necesario.","1. Harrison ́s, 17Th Edition,2008 Pag 265",CARDIOLOGÍA,Normal,"0,36",,Únicamente Aspirina.,"Aspirina, clopidogrel y heparina.","Nifedipino, Aspirina y Clopidogrel.","Fibrinolisis, Betabloqueantes y aspirina.","Aspirina, clopidogrel heparina y betabloqueantes.",5,,
2010,228,9522,118378,FALSE,"Un paciente de 34 años de edad afecto de una tuberculosis miliar desarrolla somnolencia progresiva, ligera disminución de la diuresis, su presión arterial es de 152/82 mmHg, la natremia es de 112 mmol/l, la kaliemia de 4 mmol/l, la uricemia de 2.8 mg/dll, la creatinina sérica de 0,8 mg/dl, la natriuria de 90 mmol/l y la osmolaridad urinaria es de 544 mOsm/kg. ¿Cuál de los siguientes diagnósticos es el correcto?:","Las causas de SIADH son muy variadas, entre las más frecuentes se encuentran las enfermedades pulmonares; carcinoma de células pequeñas de pulmón, mesotelioma, tuberculosis o neumonías. La expansión de volumen , sin edemas, induce una inhibición del eje RAA y la liberación de FNA, con una excreción de sodio en orina superior a 20 mEq/L, hiponatremia e hipoosmolaridad plasmática (respuesta 5 correcta). En la polidipsia psicógena el sodio en orina está bajo (respuesta 1 incorrecta). El hallazgo de hiponatremia con hiperpotasemia y elevación de urea son sospecha diagnóstica firme de insuficiencia suprarrenal aguda ( respuesta 3 incorrecta). La insuficiencia renal aguda se caracteriza por disminución del filtrado glomerular acompañado de uremia (respuesta 2 incorrecta). En la hipovolemia suele haber incremento de la urea y de la creatinina en plasma a causa de la menor tasa de filtración glomerular; la concentración del sodio en orina suele ser menor de 20 mmol/L (respuesta compensadora a la hipovolemia) (respuesta 4 incorrecta).","1. Farreras , 15a edic., Pág 2107 2. Harrison, 17a edic., Pág 276",ENDOCRINOLOGÍA,Fácil,"0,69",,Polidipsia psicótica.,Fracaso renal agudo.,Insuficiencia suprarrenal aguda.,Hipovolemia.,SIADH.,5,,
2010,231,9525,118381,FALSE,"Paciente de 32 años con test de gestación positivo y amenorrea de 9 semanas. Consulta por hiperemesis gravídica de 6 días de evolución y metrorragia escasa de 3 horas de evolución. En la exploración se comprueba sangrado escaso de cavidad uterina y útero aumentado como gestación de 14 semanas. En el estudio ecográfíco presenta imagen intrauterina en ""copos de nieve"" y ausencia de saco gestacional intraútero. La determinación de ß-HCG es de 110000 mUI/ml. Tras evacuación por succión y curetaje se diagnostica de mola hidatiforme completa. En el seguimiento posterior cual de las siguientes es cierta:","Una vez finalizado el tratamiento del embarazo molar se debe realizar un seguimiento intensivo de la paciente con el propósito de diagnosticar una enfermedad trofoblástica persistente. En la mola completa el porcentaje global de enfermedad trofoblástica persistente es del 15-20%, se acerca al 40% en presencia de factores de riesgo y es sólo del 5% en ausencia de ellos. El seguimiento incluye: -determinaciones semanales de ß-HCG hasta alcanzar tres títulos negativos y luego mensual hasta un año (respuesta 2 correct),(respuesta 5 incorrecta). -controles ginecológicos y ecográficos seriados, a las dos semanas de la evacuación y después cada tres meses. -el estudio radiológico torácico se debe realizar a las dos semanas y su periodicidad dependerá de la evolución clínica y analítica (respuesta 4 incorrecta). El TAC y/o RNM cerebral se realizarán para el estudio de extensión en los tumores trofoblásticos gestacionales (respuesta 3 incorrecta) El tratamiento con metotrexate está indicado en el tratamiento de la neoplasia trofoblástica gestacional pero no como quimioprofilaxis en la mola completa (respuesta 1 incorrecta)",1. CABERO. L Obstetricia y Medicina materno-fetal. 2007 Págs. 539-545,GINECOLOGÍA,Normal,"0,62",,Tratamiento con metotrexate y ácido folínico semanales en cualquier caso.,Determinación semanal de β-HCG durante un mes tras la normalidad de la misma. Después determinación mensual durante 1 año.,Realización de tomografía axial computerizada cerebral y torácica cada 3 meses durante 1 año.,Realización de radiografía simple de tórax cada 3 meses durante 1 año.,"Determinación trimestral de β-HCG. tras la normalidad de la misma, durante 1 año.",2,,
